文章標題,段落編號,段落內容,出現關鍵字與次數
滴雞精推薦｜美國製造・USDA有機認證・純粹補氣首選｜好湯慢慢 ...,2,好湯慢慢的滴雞精，全程在美國製作，嚴選 USDA 有機認證全雞，遵循傳統工法慢火精燉，不加一滴水、不加任何添加物，只留最純粹的營養精華,"滴雞精(1), 營養(1)"
滴雞精推薦買哪間？13家人氣滴雞精品牌、特色、價格一次看！,1,一、 滴雞精是什麼,滴雞精(1)
滴雞精推薦買哪間？13家人氣滴雞精品牌、特色、價格一次看！,3,滴雞精推薦 給你,"滴雞精(1), 推薦(1)"
滴雞精推薦買哪間？13家人氣滴雞精品牌、特色、價格一次看！,4,滴雞精是什麼,滴雞精(1)
滴雞精推薦買哪間？13家人氣滴雞精品牌、特色、價格一次看！,5,常溫滴雞精攜帶方便且容易保存，不僅是探視病人送禮的首選，更是親人間傳遞溫暖關心的媒介,滴雞精(1)
滴雞精推薦買哪間？13家人氣滴雞精品牌、特色、價格一次看！,6,滴雞精除了方便補充外，更有著豐富的營養價值，可以幫助調理體質、恢復體力，因此廣受大眾歡迎,"滴雞精(1), 營養(1)"
滴雞精推薦買哪間？13家人氣滴雞精品牌、特色、價格一次看！,7,滴雞精富含各種營養，可以溫和滋養身體，幫助人們恢復元氣，使精神旺盛,"滴雞精(1), 營養(1)"
滴雞精推薦買哪間？13家人氣滴雞精品牌、特色、價格一次看！,8,你也許好奇雞精與滴雞精有什麼不同,滴雞精(1)
滴雞精推薦買哪間？13家人氣滴雞精品牌、特色、價格一次看！,10,滴雞精 ：由原料雞以滴煉的方式製成，過程中會脫油並過濾，與雞精相比熱量更低，補充無負擔,滴雞精(1)
滴雞精推薦買哪間？13家人氣滴雞精品牌、特色、價格一次看！,12,除了常見的滴雞精與雞精之外，你聽過「熬雞精」嗎,滴雞精(1)
滴雞精推薦買哪間？13家人氣滴雞精品牌、特色、價格一次看！,13,歡迎參考這篇文章關於滴雞精、雞精與熬雞精的比較表格了解：滴雞精2023懶人包,滴雞精(2)
滴雞精推薦買哪間？13家人氣滴雞精品牌、特色、價格一次看！,15,二、 滴雞精功效 有哪些,滴雞精(1)
滴雞精推薦買哪間？13家人氣滴雞精品牌、特色、價格一次看！,16,滴雞精好處 報給你知,滴雞精(1)
滴雞精推薦買哪間？13家人氣滴雞精品牌、特色、價格一次看！,17,補充滴雞精對人體之所以有諸多好處，是因為富含支鏈胺基酸，包含人體發育所需的3種胺基酸：纈胺酸（Valine）、白胺酸（Leucine）、異白胺酸（Isoleucine）,滴雞精(1)
滴雞精推薦買哪間？13家人氣滴雞精品牌、特色、價格一次看！,18,這些胺基酸無法由人體自行合成，但可以幫助人體生長發育和修復組織，維持身體健康,健康(1)
滴雞精推薦買哪間？13家人氣滴雞精品牌、特色、價格一次看！,19,另外滴雞精中還有胜肽以及豐富的白質，因此補充滴雞精有以下2點好處：,滴雞精(2)
滴雞精推薦買哪間？13家人氣滴雞精品牌、特色、價格一次看！,20,優質蛋白質，補充身體所需營養 滋補強身、使精神旺盛，增強體力,營養(1)
滴雞精推薦買哪間？13家人氣滴雞精品牌、特色、價格一次看！,21,想了解更多滴雞精功效，歡迎參考這篇文章的說明：滴雞精功效、禁忌有哪些,滴雞精(2)
滴雞精推薦買哪間？13家人氣滴雞精品牌、特色、價格一次看！,22,9大品牌和挑選原則一次看,品牌(1)
滴雞精推薦買哪間？13家人氣滴雞精品牌、特色、價格一次看！,23,三、 滴雞精適合什麼人喝,滴雞精(1)
滴雞精推薦買哪間？13家人氣滴雞精品牌、特色、價格一次看！,24,滴雞精推薦 ／不推薦補充的3大族群,"滴雞精(1), 推薦(2)"
滴雞精推薦買哪間？13家人氣滴雞精品牌、特色、價格一次看！,25,滴雞精好處多多，對維持身體健康有許多益處，但你知道滴雞精有些人不能喝嗎,"滴雞精(2), 健康(1)"
滴雞精推薦買哪間？13家人氣滴雞精品牌、特色、價格一次看！,26,本段我們整理了滴雞精推薦補充的族群以及不建議補充的人,"滴雞精(1), 推薦(1)"
滴雞精推薦買哪間？13家人氣滴雞精品牌、特色、價格一次看！,27,（一）適合補充滴雞精的3大族群,滴雞精(1)
滴雞精推薦買哪間？13家人氣滴雞精品牌、特色、價格一次看！,28,孕婦、產後媽媽 ： 滴雞精孕婦 可以適量補充,滴雞精(1)
滴雞精推薦買哪間？13家人氣滴雞精品牌、特色、價格一次看！,29,幫媽媽補充所需營養，產後補充有助於恢復體力,營養(1)
滴雞精推薦買哪間？13家人氣滴雞精品牌、特色、價格一次看！,30,樂齡銀髮族 ： 滴雞精推薦老人 補充，避免因牙口問題、食慾下降導致營養不良,"滴雞精(1), 營養(1), 推薦(1)"
滴雞精推薦買哪間？13家人氣滴雞精品牌、特色、價格一次看！,31,發育期的小朋友 ：蛋白質可以幫助身體生長發育，讓兒童健康成長,健康(1)
滴雞精推薦買哪間？13家人氣滴雞精品牌、特色、價格一次看！,32,（二）滴雞精什麼人不能喝,滴雞精(1)
滴雞精推薦買哪間？13家人氣滴雞精品牌、特色、價格一次看！,34,四、 滴雞精挑選 4大要點,滴雞精(1)
滴雞精推薦買哪間？13家人氣滴雞精品牌、特色、價格一次看！,35,進行 滴雞精評比 最快速,滴雞精(1)
滴雞精推薦買哪間？13家人氣滴雞精品牌、特色、價格一次看！,36,想要買到適合自己的滴雞精產品，以下這4個滴雞精挑選原則須注意,滴雞精(2)
滴雞精推薦買哪間？13家人氣滴雞精品牌、特色、價格一次看！,39,口感選對，才想持續補充,口感(1)
滴雞精推薦買哪間？13家人氣滴雞精品牌、特色、價格一次看！,40,含支鏈胺基酸 滴雞精營養成分 ，幫助增強體力,"滴雞精(1), 營養(1)"
滴雞精推薦買哪間？13家人氣滴雞精品牌、特色、價格一次看！,47,不同滴雞精選用的原料雞隻品種也會有所差異，想了解為什麼雲嶺鮮雞堅持選用紅羽土雞嗎,滴雞精(1)
滴雞精推薦買哪間？13家人氣滴雞精品牌、特色、價格一次看！,49,滴雞精最佳補充時機、喝法一次看,滴雞精(1)
滴雞精推薦買哪間？13家人氣滴雞精品牌、特色、價格一次看！,50,五、13家 滴雞精比較,滴雞精(1)
滴雞精推薦買哪間？13家人氣滴雞精品牌、特色、價格一次看！,51,滴雞精品牌 特色、產品評比一次看,"滴雞精(1), 品牌(1)"
滴雞精推薦買哪間？13家人氣滴雞精品牌、特色、價格一次看！,52,了解以上內容後，還是不知道市面上眾多滴雞精推薦哪個嗎,"滴雞精(1), 推薦(1)"
滴雞精推薦買哪間？13家人氣滴雞精品牌、特色、價格一次看！,53,本段介紹13家熱門的滴雞精品牌並進行滴雞精評比，幫助你挑選到最適合的常溫滴雞精,"滴雞精(3), 品牌(1)"
滴雞精推薦買哪間？13家人氣滴雞精品牌、特色、價格一次看！,54,（一）雲嶺鮮雞 赤羽滴雞精,滴雞精(1)
滴雞精推薦買哪間？13家人氣滴雞精品牌、特色、價格一次看！,58,雞精推薦雲嶺鮮雞，品質用心，顧客放心,推薦(1)
滴雞精推薦買哪間？13家人氣滴雞精品牌、特色、價格一次看！,59,雲嶺鮮雞的赤羽滴雞精使用嚴選台灣土雞「紅羽土雞」，根據udn元氣網的報導，營養價值高於黑羽土雞、蛋雞等其他雞種，紅羽土雞所滴煉出的游離胺基酸含量最高，且包含牛磺酸（Taurine）、肌肽（Carnosine）及甲肌肽（Anserine）等營養成分，可以幫助增強體力,"滴雞精(1), 營養(2)"
滴雞精推薦買哪間？13家人氣滴雞精品牌、特色、價格一次看！,60,雲嶺鮮雞赤羽滴雞精與一般市售滴雞精不同，使用360度蒸氣循環的高溫高壓工法，滴雞精在長時間的熬煮下呈現金黃色澤，更可以完整保留全雞的精華,"滴雞精(3), 熬煮(1)"
滴雞精推薦買哪間？13家人氣滴雞精品牌、特色、價格一次看！,61,雲嶺鮮雞赤羽滴雞精使用SGS檢驗合格的真空鋁袋包裝並全自動充填，無塑化劑且耐熱，可以有效阻隔外界的空氣、濕氣、光線以及異物進入,滴雞精(1)
滴雞精推薦買哪間？13家人氣滴雞精品牌、特色、價格一次看！,62,將滴雞精包裝封口後進入專業儀器中高溫殺菌，專業的殺菌製程成就高品質，補充更放心,滴雞精(1)
滴雞精推薦買哪間？13家人氣滴雞精品牌、特色、價格一次看！,63,"品名 赤羽滴雞精禮盒組8入 成分 台灣土雞滴取液 總支鏈胺基酸含量 479.1mg／100ml 重量 60ml／8入 價格 現正優惠價$1,380 原產地 台灣 保存方式 常溫 保存期限 12個月（1年） 相關認證 ISO、HACCP、HALAL清真認證、無添加認證、SGS檢驗、銀髮友善食品",滴雞精(1)
滴雞精推薦買哪間？13家人氣滴雞精品牌、特色、價格一次看！,64,（二）雲嶺鮮雞 紅韻四物滴雞精,滴雞精(1)
滴雞精推薦買哪間？13家人氣滴雞精品牌、特色、價格一次看！,66,雲嶺鮮雞的這款紅韻四物滴雞精是專門針對女性設計，原料除了選用優質紅羽土雞外，更結合四物、當歸、川芎、芍藥、熟地，於每個月經期排乾淨後6天服用，可以減緩每個月經期不適症狀，維持好氣色,滴雞精(1)
滴雞精推薦買哪間？13家人氣滴雞精品牌、特色、價格一次看！,68,紅韻四物滴雞精口感溫潤，沒有雞腥味，並且在製作過程中去除了油脂和雜質，喝起來清爽無負擔,"滴雞精(1), 口感(1)"
滴雞精推薦買哪間？13家人氣滴雞精品牌、特色、價格一次看！,71,品名 紅韻滴雞精禮盒組 成分 台灣紅羽土雞滴取液、當歸、川芎、芍藥、熟地 總支鏈胺基酸含量 未標明 重量 45ml／6入 價格 優惠價$790 原產地 台灣 保存方式 常溫保存（請存放於陰涼乾燥處） 保存期限 1年 相關認證 ISO、HACCP、HALAL清真認證、無添加認證、SGS檢驗、銀髮友善食品,滴雞精(1)
滴雞精推薦買哪間？13家人氣滴雞精品牌、特色、價格一次看！,72,（三） 娘家滴雞精,滴雞精(1)
滴雞精推薦買哪間？13家人氣滴雞精品牌、特色、價格一次看！,74,娘家品牌自創立以來一直堅持「守護國人健康」的理念，希望給予消費者全身心被守護的安全感，以及被疼惜的幸福感,"品牌(1), 健康(1)"
滴雞精推薦買哪間？13家人氣滴雞精品牌、特色、價格一次看！,75,娘家滴雞精使用台灣黑羽土雞滴製而成，並通過多項食品安全管理系統認證，產品品質有保障,滴雞精(1)
滴雞精推薦買哪間？13家人氣滴雞精品牌、特色、價格一次看！,76,喝過娘家滴雞精的消費者評價，口感上幾乎沒有腥味，順口好喝,"滴雞精(1), 口感(1)"
滴雞精推薦買哪間？13家人氣滴雞精品牌、特色、價格一次看！,77,娘家滴雞精分為常溫以及冷凍2種保存方式，冷凍適合自用，常溫適合送禮，常溫包裝附有提把，方便攜帶送禮,滴雞精(1)
滴雞精推薦買哪間？13家人氣滴雞精品牌、特色、價格一次看！,78,"品名 娘家常溫滴雞精 成分 雞精 總支鏈胺基酸含量 394.4mg／100ml 重量 65ml／10入 價格 $1,880 原產地 台灣 保存方式 常溫 保存期限 24個月（2年） 相關認證 ISO、HACCP、SGS、SNG認證",滴雞精(1)
滴雞精推薦買哪間？13家人氣滴雞精品牌、特色、價格一次看！,79,（四） 田原香滴雞精,滴雞精(1)
滴雞精推薦買哪間？13家人氣滴雞精品牌、特色、價格一次看！,81,田原香創立於2005年，為台灣第一家創立的滴雞精品牌，期望以慢工細活的食養之道，滿足不同年齡及族群的需求,"滴雞精(1), 品牌(1)"
滴雞精推薦買哪間？13家人氣滴雞精品牌、特色、價格一次看！,82,原味Plus滴雞精選用自家飼養的山黑羽雞，並依照古法萃取雞隻精華,滴雞精(1)
滴雞精推薦買哪間？13家人氣滴雞精品牌、特色、價格一次看！,84,口感上，網友評價味道清爽並帶有一點枸杞甜味,口感(1)
滴雞精推薦買哪間？13家人氣滴雞精品牌、特色、價格一次看！,85,"品名 原味Plus滴雞精（常溫版） 成分 雞精、黑棗、紅棗、枸杞、黃耆 總支鏈胺基酸含量 未標明 重量 60ml／20入 價格 $3,150 原產地 未標明 保存方式 常溫 保存期限 12個月（1年） 相關認證 ISO、HACCP、SGS認證、檢驗報告提供消費者查詢",滴雞精(1)
滴雞精推薦買哪間？13家人氣滴雞精品牌、特色、價格一次看！,86,（五） 芳茲滴雞精,滴雞精(1)
滴雞精推薦買哪間？13家人氣滴雞精品牌、特色、價格一次看！,88,芳姿緣起於創辦人在備孕期間，喝過許多風味不佳的滴雞精，有感於女性備孕的辛苦，芳姿品牌就此誕生，希望提供高品質的產品，照顧為家庭、工作奔波的女性,"滴雞精(1), 品牌(1)"
滴雞精推薦買哪間？13家人氣滴雞精品牌、特色、價格一次看！,89,日月養生滴雞精使用紅羽土雞滴煉而成，不添加人工添加物，也沒有中藥、香料或調味料，因此可以將日月養生滴雞精加入副食品中給寶寶食用,"滴雞精(2), 養生(2)"
滴雞精推薦買哪間？13家人氣滴雞精品牌、特色、價格一次看！,90,日月養生滴雞精因為沒有其餘添加物的關係，相較於他牌口感更清爽，許多網友評價沒有雞腥味,"滴雞精(1), 口感(1), 養生(1)"
滴雞精推薦買哪間？13家人氣滴雞精品牌、特色、價格一次看！,91,禮盒款的日月養生滴雞精有附贈提袋以及天目釉品茗杯，方便送禮,"滴雞精(1), 養生(1)"
滴雞精推薦買哪間？13家人氣滴雞精品牌、特色、價格一次看！,92,"品名 日月養生滴雞精禮盒款 成分 滴雞精（紅羽土雞） 總支鏈胺基酸含量 589mg／100ml 重量 50ml／6入 價格 $1,380 原產地 台灣 保存方式 常溫 保存期限 2年 相關認證 Monde selection金獎、無添加認證、SNQ國家品質標章、銀髮友善食品","滴雞精(2), 養生(1)"
滴雞精推薦買哪間？13家人氣滴雞精品牌、特色、價格一次看！,93,（六） 農純鄉滴雞精,滴雞精(1)
滴雞精推薦買哪間？13家人氣滴雞精品牌、特色、價格一次看！,95,農純鄉品牌源自於創辦人對媽媽溫暖的關懷，希望可以提供美味療癒的產品，陪伴每個家庭成長,品牌(1)
滴雞精推薦買哪間？13家人氣滴雞精品牌、特色、價格一次看！,96,農純鄉滴雞精嚴選台灣黑羽土雞，採用滴煉萃取雞隻精華，並過濾掉多餘油脂，網友評價清爽無腥味，接受度很高,滴雞精(1)
滴雞精推薦買哪間？13家人氣滴雞精品牌、特色、價格一次看！,97,農純鄉滴雞精禮盒包裝有提把，攜帶或送禮都方便,滴雞精(1)
滴雞精推薦買哪間？13家人氣滴雞精品牌、特色、價格一次看！,98,"品名 農純鄉 滴雞精禮盒 成分 台灣土雞 總支鏈胺基酸含量 397mg／100ml 重量 50ml／8入 價格 $1,600 原產地 台灣 保存方式 常溫 保存期限 18個月 相關認證 TAP產銷履歷農產品、台灣優良農產品、ISO22000、HACCP",滴雞精(1)
滴雞精推薦買哪間？13家人氣滴雞精品牌、特色、價格一次看！,102,老協珍滴雞精特色為高總支鏈胺基酸含量，可以有效補充元氣,滴雞精(1)
滴雞精推薦買哪間？13家人氣滴雞精品牌、特色、價格一次看！,103,以熬煮的方式將嚴選高品質老母雞的雞隻精華完整保留，並加入少許豬腩排，口感上更濃醇，因此廣受消費者喜愛,"熬煮(1), 口感(1)"
滴雞精推薦買哪間？13家人氣滴雞精品牌、特色、價格一次看！,105,（八） 純煉滴雞精,滴雞精(1)
滴雞精推薦買哪間？13家人氣滴雞精品牌、特色、價格一次看！,107,純煉滴雞精品牌由寶島手路菜有限公司創立，想要提供大眾專業的滴雞精以及其他保健產品，照顧大家的健康,"滴雞精(2), 品牌(1), 健康(1)"
滴雞精推薦買哪間？13家人氣滴雞精品牌、特色、價格一次看！,108,純煉滴雞精強調使用「全程不用藥」的雞隻，並以傳統純煉手法製成，保留雞隻精華,滴雞精(1)
滴雞精推薦買哪間？13家人氣滴雞精品牌、特色、價格一次看！,109,喝過的消費者表示純煉滴雞精味道清淡、沒什麼腥味，口感清爽,"滴雞精(1), 口感(1)"
滴雞精推薦買哪間？13家人氣滴雞精品牌、特色、價格一次看！,110,"品名 純煉原味滴雞精 成分 台灣自然雞（爽健雞） 總支鏈胺基酸含量 363mg／100ml 重量 60ml／10入 價格 $1,280 原產地 台灣 保存方式 常溫 保存期限 540天（約18個月） 相關認證 ISO、HACCP",滴雞精(1)
滴雞精推薦買哪間？13家人氣滴雞精品牌、特色、價格一次看！,111,（九） 享食尚滴雞精,滴雞精(1)
滴雞精推薦買哪間？13家人氣滴雞精品牌、特色、價格一次看！,113,享食尚堅持3大理念：享受生活、吃得安心、健康，秉持著這樣的精神研發滴雞精等多種產品，廣受消費者喜愛,"滴雞精(1), 健康(1)"
滴雞精推薦買哪間？13家人氣滴雞精品牌、特色、價格一次看！,114,享食尚滴雞精借鏡歐盟的農業技術及經驗，引進丹麥高規格生物監測養殖系統，以自家養殖的黑羽土雞製成，無添加防腐劑，0脂肪、0膽固醇，讓大家喝的放心,滴雞精(1)
滴雞精推薦買哪間？13家人氣滴雞精品牌、特色、價格一次看！,115,口感方面，網友評價順口好入口,口感(1)
滴雞精推薦買哪間？13家人氣滴雞精品牌、特色、價格一次看！,117,品名 享食尚滴雞精 成分 黑羽土雞滴取液 總支鏈胺基酸含量 未標明 重量 45ml／6入 價格 $780 原產地 台灣 保存方式 常溫 保存期限 2年 相關認證 SGS、SNQ、完整產銷、清真認證、無添加認證、銀髮友善,滴雞精(1)
滴雞精推薦買哪間？13家人氣滴雞精品牌、特色、價格一次看！,118,（十） 金牌大師滴雞精,滴雞精(1)
滴雞精推薦買哪間？13家人氣滴雞精品牌、特色、價格一次看！,121,金牌大師滴雞精目前最低購買數量為2盒（20入），適合自用較為划算,滴雞精(1)
滴雞精推薦買哪間？13家人氣滴雞精品牌、特色、價格一次看！,122,金牌大師滴雞精特色在於無添加防腐劑等其他人工添加物，以傳統煉雞膠法熬煮法萃取台灣土雞精華，保留天然膠質和胺基酸，可迅速恢復體力,"滴雞精(1), 熬煮(1)"
滴雞精推薦買哪間？13家人氣滴雞精品牌、特色、價格一次看！,124,"品名 金牌大師滴雞精 成分 台灣土雞 總支鏈胺基酸含量 未標明 重量 60ml／20入（1盒為10包） 價格 $2,500 原產地 未標明 保存方式 常溫 保存期限 2年 相關認證 ISO22000、HACCP",滴雞精(1)
滴雞精推薦買哪間？13家人氣滴雞精品牌、特色、價格一次看！,127,桂格成立30餘年推出許多產品，除了知名的穀物、燕麥產品外，也推出各種健康食品，希望提供大眾健康、營養的產品,"營養(1), 健康(2)"
滴雞精推薦買哪間？13家人氣滴雞精品牌、特色、價格一次看！,131,口感上許多人評價順口無腥味，並帶有濃郁的人蔘香氣,口感(1)
滴雞精推薦買哪間？13家人氣滴雞精品牌、特色、價格一次看！,133,（十二） 華陀滴雞精,滴雞精(1)
滴雞精推薦買哪間？13家人氣滴雞精品牌、特色、價格一次看！,135,華陀扶元堂自2003年創立以來，堅持專業研發與生產多元的機能性產品，追求高品質、高含量和高技術，希望帶給消費者健康、安心的保健品,健康(1)
滴雞精推薦買哪間？13家人氣滴雞精品牌、特色、價格一次看！,136,華陀滴雞精選用黑金鑽土雞，並以滴煉手法製成，不添加水、去除油脂與膽固醇，僅保留雞隻完整營養，口感醇厚濃郁，不論是單喝或是入菜都很適合,"滴雞精(1), 營養(1), 口感(1)"
滴雞精推薦買哪間？13家人氣滴雞精品牌、特色、價格一次看！,137,華陀滴雞精禮盒包裝上有附提把，攜帶送禮方便,滴雞精(1)
滴雞精推薦買哪間？13家人氣滴雞精品牌、特色、價格一次看！,138,"品名 華陀扶元堂 古傳滴雞精 成分 鹿野土雞黑金鑽雞種 總支鏈胺基酸含量 573.2ml／60ml 重量 60ml／10入 價格 $1,980 原產地 台灣 保存方式 常溫 保存期限 2年 相關認證 ISO、HACCP",滴雞精(1)
滴雞精推薦買哪間？13家人氣滴雞精品牌、特色、價格一次看！,141,白蘭氏為健康食品老字號品牌，堅持為大眾創造方便營養的健康食品，維護健康體質和活力,"營養(1), 品牌(1), 健康(3)"
滴雞精推薦買哪間？13家人氣滴雞精品牌、特色、價格一次看！,142,白蘭氏創立以來不斷研發各種適合不同族群的滴雞精產品，是值得信賴的品牌,"滴雞精(1), 品牌(1)"
滴雞精推薦買哪間？13家人氣滴雞精品牌、特色、價格一次看！,146,（十四）13款 滴雞精比較 表格,滴雞精(1)
滴雞精推薦買哪間？13家人氣滴雞精品牌、特色、價格一次看！,147,最後，我們幫你統整了以上13款滴雞精比較表格，以上述舉例的產品進行滴雞精評比，讓你輕鬆挑選出最適合的產品,滴雞精(2)
滴雞精推薦買哪間？13家人氣滴雞精品牌、特色、價格一次看！,148,"品牌＆產品 價格 包裝 飼養雞隻 蛋白質含量 鈉含量 熱量 總支鏈胺基酸含量 雲嶺鮮雞 赤羽滴雞精 $1380 60ml／8入 65ml/冷凍 自養健康紅羽土雞 10.5g／100ml 111毫克／100ml 42大卡／100ml 479.1mg／100ml 雲嶺鮮雞 紅韻四物滴雞精 $790 45ml／6入 自養健康紅羽土雞 10.5g／100ml 111毫克／100ml 42大卡／100ml 未標明 娘家滴雞精 $1,880 65ml／10入 台灣黑羽土雞 4.7g／65ml 59.1毫克／65ml 4.7大卡／65ml 394.4mg／100ml 田原香滴雞精 $3,150 60ml／20入 自養放山黑羽土雞 6.5g／100ml 73.8毫克／100ml 26.8大卡／100ml 未標明 芳茲滴雞精 $1,380 50ml／6入 紅羽土雞 10g／100ml 116.6毫克／100ml 40大卡／100ml 589mg／100ml 農純鄉滴雞精 $1,600 50ml／8入 黑羽土雞 6.7g／100ml 70毫克／100ml 27大卡／100ml 397mg／100ml 老協珍熬雞精 $1,080 42ml／7入 老母雞 11.8g／100ml 122.6毫克／100ml 47大卡／100ml 860mg／100ml 純煉滴雞精 $1,280 60ml／10入 台灣自然雞（爽健雞） 6.6g／100ml 76毫克／100ml 26.4大卡／100ml 363mg／100ml 享食尚滴雞精 $780 45ml／6入 黑羽土公雞 8.7g／100ml 112毫克／100ml 34.8大卡／100ml 未標明 金牌大師滴雞精 $2,500 60ml／20入 台灣土雞 6.1g／100ml 58毫克／100ml 24大卡／100ml 未標明 桂格養氣人蔘雞精 $1,199 68ml／18入 黑羽土公雞 7.9g／100ml 103毫克／100ml 32.8大卡／100ml 521mg／100ml 華陀滴雞精 $1,980 60ml／10入 鹿野土雞黑金鑽雞種 11.4g／100ml 106毫克／100ml 46.8大卡／100ml 573.2ml／60ml 白蘭氏萃鷄精 $1,701 42ml／9入 紅羽土雞 4.2g／42ml 138.6毫克／42ml 16.8大卡／42ml 未標明","滴雞精(10), 品牌(1), 健康(2)"
滴雞精推薦買哪間？13家人氣滴雞精品牌、特色、價格一次看！,149,六、 滴雞精哪裡買,滴雞精(1)
滴雞精推薦買哪間？13家人氣滴雞精品牌、特色、價格一次看！,151,給家人最安心完整的營養,營養(1)
滴雞精推薦買哪間？13家人氣滴雞精品牌、特色、價格一次看！,153,目前直營飼養場與合作衛星養殖場約有100餘場，年產量規模約600萬隻健康土雞,健康(1)
滴雞精推薦買哪間？13家人氣滴雞精品牌、特色、價格一次看！,154,立瑞畜產在2013年創立自有品牌「雲嶺鮮雞」，並於隔年取得產銷履歷、CAS、HACCP、HALAL清真與ISO22000等多項認證，以提供衛生、安全、健康的雞肉產品，讓消費者更認識台灣土雞及其優點，守護台灣土雞，讓下一代能夠持續享用台灣優質土雞肉和雞製品,"品牌(1), 健康(1)"
滴雞精推薦買哪間？13家人氣滴雞精品牌、特色、價格一次看！,155,滴雞精哪裡買,滴雞精(1)
滴雞精推薦買哪間？13家人氣滴雞精品牌、特色、價格一次看！,156,雞精推薦雲嶺鮮雞,推薦(1)
滴雞精推薦買哪間？13家人氣滴雞精品牌、特色、價格一次看！,160,想看更多雲嶺鮮雞滴雞精產品，立即點選下方連結了解吧,滴雞精(1)
營養師監製10 大雞精推薦排行榜【2025最新】 | mybest,1,台灣人一直都有喝雞精或雞湯料理養生的觀念，坊間也有習慣會送雞精禮盒給孕婦或產婦滋補營養,"營養(1), 養生(1)"
營養師監製10 大雞精推薦排行榜【2025最新】 | mybest,2,但現在市面上的雞精品牌不計其數，從享食尚、農純鄉、桂格都有推出台灣滴雞精，且每一款標榜的功效、成分與評價各有所異，究竟該如何比較挑選才好呢,"滴雞精(1), 品牌(1)"
營養師監製10 大雞精推薦排行榜【2025最新】 | mybest,3,為此，這篇文章會實際訪問專攻保健食品領域的安營養師，深入探討如何選擇適合的雞精,營養(1)
營養師監製10 大雞精推薦排行榜【2025最新】 | mybest,4,此外，也將以人氣商品排行榜的形式為大家推薦多款雞精，這些商品都可以在 momo購物網、Yahoo購物中心等平台上購買,推薦(1)
消委會滴雞精/雞精/熬雞精/素滴雞精推薦2025｜比較15款雞精1款含 ...,1,雞精/滴雞精/熬雞精/素滴雞｜常見問題,滴雞精(1)
消委會滴雞精/雞精/熬雞精/素滴雞精推薦2025｜比較15款雞精1款含 ...,2,1. 傳統雞精、滴雞精及熬雞精蛋白質含量比較,滴雞精(1)
消委會滴雞精/雞精/熬雞精/素滴雞精推薦2025｜比較15款雞精1款含 ...,3,消委會指出，從食物成分來看，傳統雞精、滴雞精及熬雞精均為雞肉營養素的溶液，部分熬雞精甚或會加入豬肉；它們跟雞肉、雞蛋、雞湯及牛奶均為動物性蛋白質的來源，提供「完全蛋白質」,"滴雞精(1), 營養(1)"
消委會滴雞精/雞精/熬雞精/素滴雞精推薦2025｜比較15款雞精1款含 ...,4,另一方面，素滴雞精則為粉劑，需將其溶於水中後飲用；其原材料包括植物性來源的蔬果等抽取物提供「不完全蛋白質」，螺旋藻及酵母等提供「完全蛋白質」，這些抽取物或提供了部分的礦物質和花青素,滴雞精(1)
消委會滴雞精/雞精/熬雞精/素滴雞精推薦2025｜比較15款雞精1款含 ...,6,消委會指出，傳統雞精、滴雞精、熬雞精及素滴雞精產品屬於保健食物，建議一般消費者注意該等產品是否切合自身營養需要,"滴雞精(2), 營養(1)"
消委會滴雞精/雞精/熬雞精/素滴雞精推薦2025｜比較15款雞精1款含 ...,7,正常健康人士，包括長者、孕婦 或產後婦女，只要保持均衡飲食，應能攝取足夠營養，不應以該等產品代替正餐,"營養(1), 健康(1)"
營養師監製10 大滴雞精推薦排行榜【2025最新】 | mybest,1,日常生活中，滴雞精經常扮演營養補給的角色，其富含易於人體吸收的胺基酸、膠原蛋白及多種營養素，除了養顏美容外，亦標榜有快速恢復體力及修復傷口的功效，更是許多人於待產期、手術後及備考期間的好夥伴,"滴雞精(1), 營養(2)"
營養師監製10 大滴雞精推薦排行榜【2025最新】 | mybest,2,有別於傳統雞精的雞腥味明顯、熬雞精的熱量較高等缺點，滴雞精多了一道脫油的程序，使其熱量與膽固醇較低，也少了許多腥味，因此大眾的接受度更高,滴雞精(1)
營養師監製10 大滴雞精推薦排行榜【2025最新】 | mybest,3,有鑒於台灣市面上的滴雞精產品不計其數，為了幫助讀者找到最適合自己的一款，本文便會詳細介紹選購的方式以及食用時的注意事項，同時網羅市面上最具人氣的推薦商品；其中囊括了田原香、桂格、農純鄉等知名品牌，希望能夠協助大家找到心目中理想的營養來源，走向更加健康自信的每一天，趕緊來一起看下去吧,"滴雞精(1), 營養(1), 推薦(1), 品牌(1), 健康(1)"
烏骨雞滴雞精推薦，常溫60mL多入組優惠含運【牧田MU10】 【牧田 ...,1,推薦烏骨雞滴雞精，適合多數體質,"滴雞精(1), 推薦(1)"
烏骨雞滴雞精推薦，常溫60mL多入組優惠含運【牧田MU10】 【牧田 ...,2,烏骨雞是中醫師大力推薦的食療選擇，性味平甘，益氣滋陰，性質溫和，適合多數情況調理體質，尤其對女性特別有幫助,推薦(1)
烏骨雞滴雞精推薦，常溫60mL多入組優惠含運【牧田MU10】 【牧田 ...,5,烏骨雞滴雞精，絕對是關鍵時刻，好好調理體質的優質選擇,滴雞精(1)
烏骨雞滴雞精推薦，常溫60mL多入組優惠含運【牧田MU10】 【牧田 ...,6,了解更多：【烏骨雞不是雞】滴雞精有分公雞母雞烏骨雞，食療進補有不同,滴雞精(1)
烏骨雞滴雞精推薦，常溫60mL多入組優惠含運【牧田MU10】 【牧田 ...,7,烏骨雞 關鍵營養勝土雞,營養(1)
烏骨雞滴雞精推薦，常溫60mL多入組優惠含運【牧田MU10】 【牧田 ...,9,烏骨雞滴雞精，絕對是關鍵時刻，悉心調理體質的優質選擇,滴雞精(1)
烏骨雞滴雞精推薦，常溫60mL多入組優惠含運【牧田MU10】 【牧田 ...,10,烏骨雞滴雞精 對女生尤其好,滴雞精(1)
烏骨雞滴雞精推薦，常溫60mL多入組優惠含運【牧田MU10】 【牧田 ...,13,牧田烏骨雞滴雞精，含有支鏈胺基酸BCAA、肌肽等小分子成分，對少男少女和長輩照護，也有助於提供優質好吸收的營養補充,"滴雞精(1), 營養(1)"
烏骨雞滴雞精推薦，常溫60mL多入組優惠含運【牧田MU10】 【牧田 ...,14,了解更多：【20題QA】懷孕媽咪孕婦滴雞精怎麼喝?,滴雞精(1)
烏骨雞滴雞精推薦，常溫60mL多入組優惠含運【牧田MU10】 【牧田 ...,15,牧田滴雞精 奈米級胜肽是精華,滴雞精(1)
烏骨雞滴雞精推薦，常溫60mL多入組優惠含運【牧田MU10】 【牧田 ...,16,採用進化的深淬技術，二代版烏骨滴雞精，濃度提升，蛋白質濃度達10%，分子也更細化，90%都是奈米級細小分子，也就是多肽,滴雞精(1)
烏骨雞滴雞精推薦，常溫60mL多入組優惠含運【牧田MU10】 【牧田 ...,23,烏骨滴雞精每包堅持足量60mL，希望提供客戶最實在的份量,滴雞精(1)
烏骨雞滴雞精推薦，常溫60mL多入組優惠含運【牧田MU10】 【牧田 ...,25,滴雞精飲用建議,滴雞精(1)
烏骨雞滴雞精推薦，常溫60mL多入組優惠含運【牧田MU10】 【牧田 ...,30,牧田滴雞精的適合族群 準備懷孕、懷孕孕婦,滴雞精(1)
烏骨雞滴雞精推薦，常溫60mL多入組優惠含運【牧田MU10】 【牧田 ...,35,不建議飲用滴雞精的族群,滴雞精(1)
烏骨雞滴雞精推薦，常溫60mL多入組優惠含運【牧田MU10】 【牧田 ...,39,牧田烏骨滴雞精，指標數據亮眼,滴雞精(1)
烏骨雞滴雞精推薦，常溫60mL多入組優惠含運【牧田MU10】 【牧田 ...,40,牧田滴雞精堅持食品安全 國際標準認證規格,滴雞精(1)
烏骨雞滴雞精推薦，常溫60mL多入組優惠含運【牧田MU10】 【牧田 ...,47,(註1)根據以分子篩方法檢驗分子量分布實驗結果，牧田烏骨滴雞精90%的蛋白質，分子量小於5KDa,滴雞精(1)
烏骨雞滴雞精推薦，常溫60mL多入組優惠含運【牧田MU10】 【牧田 ...,54,牧田滴雞精好評推薦,"滴雞精(1), 推薦(1)"
烏骨雞滴雞精推薦，常溫60mL多入組優惠含運【牧田MU10】 【牧田 ...,63,飲用滴雞精常見問題,滴雞精(1)
烏骨雞滴雞精推薦，常溫60mL多入組優惠含運【牧田MU10】 【牧田 ...,64,-滴雞精需要加熱嗎,滴雞精(1)
烏骨雞滴雞精推薦，常溫60mL多入組優惠含運【牧田MU10】 【牧田 ...,65,常溫滴雞精經過完全滅菌處理，袋內理論是無菌狀態，故具備開封即飲的性能,滴雞精(1)
烏骨雞滴雞精推薦，常溫60mL多入組優惠含運【牧田MU10】 【牧田 ...,66,雖然如此，考慮滴雞精的補養特色，建議客戶可以水浴方式溫熱後開封飲用,滴雞精(1)
烏骨雞滴雞精推薦，常溫60mL多入組優惠含運【牧田MU10】 【牧田 ...,67,冷凍版滴雞精沒有經過完全滅菌，需完全加熱後(100度C)方可安全飲用,滴雞精(1)
烏骨雞滴雞精推薦，常溫60mL多入組優惠含運【牧田MU10】 【牧田 ...,68,-牧田滴雞精，溫熱的簡便方式?,滴雞精(1)
烏骨雞滴雞精推薦，常溫60mL多入組優惠含運【牧田MU10】 【牧田 ...,69,整包未開封的滴雞精，浸泡在馬克杯的熱開水中，3-5分鐘即可開封溫熱飲用,滴雞精(1)
烏骨雞滴雞精推薦，常溫60mL多入組優惠含運【牧田MU10】 【牧田 ...,70,-牧田滴雞精，一天建議喝幾包?,滴雞精(1)
烏骨雞滴雞精推薦，常溫60mL多入組優惠含運【牧田MU10】 【牧田 ...,72,以營養數據估算，體重60公斤的人，喝一包牧田烏骨滴雞精，可增加補充每日所需蛋白質10%,"滴雞精(1), 營養(1)"
烏骨雞滴雞精推薦，常溫60mL多入組優惠含運【牧田MU10】 【牧田 ...,73,-喝滴雞精容易上火嗎,滴雞精(1)
烏骨雞滴雞精推薦，常溫60mL多入組優惠含運【牧田MU10】 【牧田 ...,77,-滴雞精可以取代正餐嗎,滴雞精(1)
烏骨雞滴雞精推薦，常溫60mL多入組優惠含運【牧田MU10】 【牧田 ...,78,滴雞精屬於營養補充品，提供的營養內涵主要是蛋白質系列的各種營養形式,"滴雞精(1), 營養(3)"
烏骨雞滴雞精推薦，常溫60mL多入組優惠含運【牧田MU10】 【牧田 ...,79,因此，不建議將滴雞精當作為正餐,滴雞精(1)
烏骨雞滴雞精推薦，常溫60mL多入組優惠含運【牧田MU10】 【牧田 ...,81,-牧田滴雞精，三高的人適合喝嗎?,滴雞精(1)
烏骨雞滴雞精推薦，常溫60mL多入組優惠含運【牧田MU10】 【牧田 ...,82,牧田滴雞精營養成分具備低鈉、不含脂肪(膽固醇)、0碳水化合物的特性，並無三高人士必須控制的指標項目，應可安心飲用,"滴雞精(1), 營養(1)"
烏骨雞滴雞精推薦，常溫60mL多入組優惠含運【牧田MU10】 【牧田 ...,83,-牧田滴雞精，多大孩子可以喝?,滴雞精(1)
烏骨雞滴雞精推薦，常溫60mL多入組優惠含運【牧田MU10】 【牧田 ...,84,牧田滴雞精總蛋白質含量達到10%，2歲以下尚在發育中嬰幼兒，不建議整包全部飲用,滴雞精(1)
烏骨雞滴雞精推薦，常溫60mL多入組優惠含運【牧田MU10】 【牧田 ...,85,媽咪可以減少用量運用，推薦將減量的滴雞精加入寶寶粥、蒸蛋中，隨著寶寶餐食一道攝取,"滴雞精(1), 推薦(1)"
烏骨雞滴雞精推薦，常溫60mL多入組優惠含運【牧田MU10】 【牧田 ...,86,-滴雞精、雞湯、雞精、熬雞精，哪裡不一樣?,滴雞精(1)
烏骨雞滴雞精推薦，常溫60mL多入組優惠含運【牧田MU10】 【牧田 ...,87,簡單說是這樣的:不加水的，是滴雞精,滴雞精(1)
烏骨雞滴雞精推薦，常溫60mL多入組優惠含運【牧田MU10】 【牧田 ...,88,加水熬煮有肉的，是雞湯,熬煮(1)
烏骨雞滴雞精推薦，常溫60mL多入組優惠含運【牧田MU10】 【牧田 ...,89,加水熬煮沒有肉的，叫做雞精、熬雞精,熬煮(1)
烏骨雞滴雞精推薦，常溫60mL多入組優惠含運【牧田MU10】 【牧田 ...,90,了解更多:滴雞精推薦畫重點，懷孕孕婦、50上下女性、療養恢復，適合這3個族群的滴雞精選擇禁忌,"滴雞精(2), 推薦(1)"
烏骨雞滴雞精推薦，常溫60mL多入組優惠含運【牧田MU10】 【牧田 ...,92,了解更多:【20題QA】懷孕媽咪孕婦滴雞精怎麼喝?孕期燥熱胎火旺、養胎滴雞精怎麼選?推薦孕婦選購注意要點,"滴雞精(2), 推薦(1)"
烏骨雞滴雞精推薦，常溫60mL多入組優惠含運【牧田MU10】 【牧田 ...,95,了解更多:【滴雞精比較各品牌】4個重點挑選不踩雷,"滴雞精(1), 品牌(1)"
烏骨雞滴雞精推薦，常溫60mL多入組優惠含運【牧田MU10】 【牧田 ...,96,孕婦滴雞精補身養寶寶，推薦懷孕媽咪比較【滴雞精老司機】,"滴雞精(2), 推薦(1), 補身(1)"
烏骨雞滴雞精推薦，常溫60mL多入組優惠含運【牧田MU10】 【牧田 ...,98,了解更多:滴雞精的營養推薦，從這3件事比較起,"滴雞精(1), 營養(1), 推薦(1)"
烏骨雞滴雞精推薦，常溫60mL多入組優惠含運【牧田MU10】 【牧田 ...,99,從營養標示看起,營養(1)
烏骨雞滴雞精推薦，常溫60mL多入組優惠含運【牧田MU10】 【牧田 ...,100,完整拆解滴雞精,滴雞精(1)
烏骨雞滴雞精推薦，常溫60mL多入組優惠含運【牧田MU10】 【牧田 ...,101,【滴雞精的營養小學堂】,"滴雞精(1), 營養(1)"
烏骨雞滴雞精推薦，常溫60mL多入組優惠含運【牧田MU10】 【牧田 ...,103,了解更多:【改版宣言】二代版烏骨滴雞精@牧田MU10【滴雞精營養學小教室】,"滴雞精(2), 營養(1)"
烏骨雞滴雞精推薦，常溫60mL多入組優惠含運【牧田MU10】 【牧田 ...,105,了解更多:中醫解析⟫滴雞精大不同,滴雞精(1)
烏骨雞滴雞精推薦，常溫60mL多入組優惠含運【牧田MU10】 【牧田 ...,106,烏骨雞滴雞精優點、誰適合喝一次看 https://views.learneating.com/cooperation/mu10-silky-chicken-essence/,滴雞精(1)
2025滴雞精品牌推薦｜21款風味特色與價格全解析｜食藝文匯,1,滴雞精推薦近年在網路上討論熱度不斷上升，尤其是針對孕婦、長輩、孩童、癌症化療、生病手術後等不同族群的健康補品選擇,"滴雞精(1), 推薦(1), 健康(1)"
2025滴雞精品牌推薦｜21款風味特色與價格全解析｜食藝文匯,2,滴雞精不僅能補充高蛋白、低脂、低鈉等營養需求，也因品牌多元，從口感、營養成分到價格落差極大，讓消費者選擇上常感困擾,"滴雞精(1), 營養(2), 品牌(1), 口感(1)"
2025滴雞精品牌推薦｜21款風味特色與價格全解析｜食藝文匯,3,為此，我們整理了完整的滴雞精評比與試喝心得，提供最實用的購買建議與推薦品牌參考,"滴雞精(1), 推薦(1), 品牌(1)"
2025滴雞精品牌推薦｜21款風味特色與價格全解析｜食藝文匯,4,本篇文章牙米與吉尼整理 21 間品牌滴雞精的產品資訊、營養價值，更邀請兩位試喝員從滴雞精的色、香、味做出發，綜合推薦心中所屬的滴雞精,"滴雞精(3), 營養(1), 推薦(1), 品牌(1)"
2025滴雞精品牌推薦｜21款風味特色與價格全解析｜食藝文匯,5,想知道如何挑選一款真正適合自己的滴雞精嗎,滴雞精(1)
2025滴雞精品牌推薦｜21款風味特色與價格全解析｜食藝文匯,6,以下是我們的 滴雞精推薦指南，從營養成分到風味細節，幫助你避開踩雷、找到高 CP 值的優質滴雞精品牌：,"滴雞精(2), 營養(1), 推薦(1), 品牌(1)"
2025滴雞精品牌推薦｜21款風味特色與價格全解析｜食藝文匯,7,營養標示：確認包裝上是否清楚標示熱量、蛋白質、脂肪、碳水化合物、鈉含量等資訊,營養(1)
2025滴雞精品牌推薦｜21款風味特色與價格全解析｜食藝文匯,8,特別是蛋白質含量，數值越高，表示營養價值越高,營養(1)
2025滴雞精品牌推薦｜21款風味特色與價格全解析｜食藝文匯,11,不同品種的雞隻，其肉質和營養成分可能有所差異,營養(1)
2025滴雞精品牌推薦｜21款風味特色與價格全解析｜食藝文匯,12,此外，有些滴雞精會添加中藥材，如四神、九尾草、靈芝等，選購時需考量個人體質，建議特殊族群在飲用前諮詢專業醫師,滴雞精(1)
2025滴雞精品牌推薦｜21款風味特色與價格全解析｜食藝文匯,14,選擇含有高BCAA含量的滴雞精，有助於提升保健效果,滴雞精(1)
2025滴雞精品牌推薦｜21款風味特色與價格全解析｜食藝文匯,15,產品風味：滴雞精的腥味可能來自於雞隻的飼養環境、飼料成分、屠宰過程等,滴雞精(1)
2025滴雞精品牌推薦｜21款風味特色與價格全解析｜食藝文匯,17,《延伸閱讀》滴雞精功效有哪些,滴雞精(1)
2025滴雞精品牌推薦｜21款風味特色與價格全解析｜食藝文匯,18,5種喝滴雞精好處、6大推薦飲用族群一次看,"滴雞精(1), 推薦(1)"
2025滴雞精品牌推薦｜21款風味特色與價格全解析｜食藝文匯,19,《延伸閱讀》滴雞精怎麼挑(全指南)｜一文教你看懂滴雞精營養標示、成分比較,"滴雞精(2), 營養(1)"
2025滴雞精品牌推薦｜21款風味特色與價格全解析｜食藝文匯,20,21 種滴雞精基本介紹、試喝心得,滴雞精(1)
2025滴雞精品牌推薦｜21款風味特色與價格全解析｜食藝文匯,21,21 種滴雞精營養比一比,"滴雞精(1), 營養(1)"
2025滴雞精品牌推薦｜21款風味特色與價格全解析｜食藝文匯,22,品牌 購買均價 每毫升單價 熱量 (大卡) 蛋白質 (g) 脂肪 (g) 鈉 (mg) BCAA (mg) 食藝文匯 (60ml) 184 3.07 23.8 5.9 0 39.6 364.2 老協珍 (42ml) 154 3.67 20 5 0 51.5 361.2 白蘭氏 (42ml) 107 2.55 16.8 4.2 0 57.5 - 享食尚 (45ml) 130 2.89 15.7 3.9 0 50 - 娘家 (50ml) 199 3.98 17.2 4.3 0 48 223.3 芳茲 (50ml) 169 3.38 20 5 0 58.3 294.5 農醇鄉 (50ml) 175 3.5 15.8 3.9 0 37.5 198.5 桂格 (52ml) 117 2.25 20.8 5.2 0 68 271 純煉 (60ml) 128 2.13 15.8 4 0 45 217.8 田原香 (60ml) 147 2.45 14.6 3.7 0 40.9 138 璽氏工坊 (60ml) 190 3.17 19 4.6 0 49 185.7 元榆牧場 (60ml) 153 2.55 20 5.4 0 33 - 雲嶺鮮雞 (60ml) 182 3.03 15.6 3.9 0 45.6 - 正官庄(42ml) 90 2.14 24 6 0 31.9 342.7 大成(50ml) 106 2.12 16.5 4.2 0 50 - 金牌大師(60ml) 98 1.63 14 3.7 0 35 - 高山農場(60ml) 124 2.06 22.1 5.2 0 59 264.6 華陀扶元堂(60ml) 86 1.43 28.1 6.8 0 63.6 - 余仁生(60ml) 175 2.91 16 3.7 0 50 - 大山野雞(65ml) 128 1.97 29.2 6.6 0 58.4 504 拉蓓(42ml) 88 2.1 23.2 5.6 0 32.2 391 單位 元 元 大卡 公克 公克 毫克 毫克 21 種滴雞精價格比一比,"滴雞精(1), 品牌(1)"
2025滴雞精品牌推薦｜21款風味特色與價格全解析｜食藝文匯,23,品牌 大盒裝數/價格 單包均價 小盒裝數/價格 單包均價 每毫升單價 食藝文匯 (60ml) 30入 / 4288元 143元 2入 / 368元 184元 2.38-3.07 老協珍 (42ml) 14入 / 1599元 114元 7入 / 829元 118元 2.71-2.81 白蘭氏 (42ml) 30入 / 4685元 156元 - - 3.71 享食尚 (45ml) 42入 / 6288元 149元 2入 / 349元 174元 3.31-3.87 娘家 (50ml) 60入 / 8100元 135元 16入 / 2546元 159元 2.7-3.18 芳茲 (50ml) 21入 / 3150元 150元 2入 / 360元 180元 3-3.6 農醇鄉 (50ml) 20入 / 2880元 144元 4入 / 699元 174元 2.88-3.48 桂格 (52ml) 9入 / 1199元 133元 - - 2.55 純煉 (60ml) 10入 / 1280元 128元 - - 2.13 田原香 (60ml) 20入 / 3150元 157元 2入 / 380元 190元 2.622 璽氏工坊 (60ml) 30入 / 4480元 150元 2入 / 380元 190元 2.5-3.17 元榆牧場 (60ml) 18入 / 2580元 143元 6入 / 1199元 199元 2.38-3.32 雲嶺鮮雞 (60ml) 25入 / 3980元 159元 2入 / 365元 182元 2.65-3.03 正官庄(42ml) 30入/2790元 93元 9入/990元 110元 2.21-2.62 大成(50ml) 25入/1999元 80元 1入/99元 99元 1.6-1.98 金牌大師(60ml) 120/9840元 82元 10入/1250元 125元 1.37-2.08 高山農場(60ml) 100入/9200元 92元 1入/145元 145元 1.53-2.41 華陀扶元堂(60ml) 90入/900元 100元 10入/1420元 142元 1.67-2.37 余仁生(60ml) 10入/1750元 175元 2入/436元 218元 2.92-3.63 大山野雞(65ml) 120/12880元 107.3元 3入/499元 166.3元 1.64-2.55 拉蓓(42ml) 180/17999元 100元 3入/399元 133元 2.38-3.17 本表價格（2024.12 蒐集）僅供參考，實際仍以滴雞精品牌官網為主,"滴雞精(1), 品牌(2)"
2025滴雞精品牌推薦｜21款風味特色與價格全解析｜食藝文匯,25,無抗生素飼育，全雞蒸煮 - 最優質的滴雞精,滴雞精(1)
2025滴雞精品牌推薦｜21款風味特色與價格全解析｜食藝文匯,26,食藝文匯是台灣自有品牌，新竹直營、自有養雞場進行雞隻培育，從來源就很可靠，養雞方式為全台獨冠 - 吃素的「草本雞」，飼料以草本漢方製作,品牌(1)
2025滴雞精品牌推薦｜21款風味特色與價格全解析｜食藝文匯,27,養雞過程中雞隻不需打抗生素、雞隻低密度飼養，並以歐盟最高標準，隨機進行雞肝檢驗合格，滴雞精製作全程不額外添加水，以全雞蒸煮製生成的滴雞精,滴雞精(2)
2025滴雞精品牌推薦｜21款風味特色與價格全解析｜食藝文匯,28,品名：食藝文匯常溫原味滴雞精,滴雞精(1)
2025滴雞精品牌推薦｜21款風味特色與價格全解析｜食藝文匯,29,成分：滴雞精（草本雞）,滴雞精(1)
2025滴雞精品牌推薦｜21款風味特色與價格全解析｜食藝文匯,38,順口能回甘，最好喝的品牌之一,品牌(1)
2025滴雞精品牌推薦｜21款風味特色與價格全解析｜食藝文匯,47,是一款口味適中，每日飲用 1~2 包也不會膩的滴雞精,滴雞精(1)
2025滴雞精品牌推薦｜21款風味特色與價格全解析｜食藝文匯,48,部落客滴雞精推薦,"滴雞精(1), 推薦(1)"
2025滴雞精品牌推薦｜21款風味特色與價格全解析｜食藝文匯,49,QQ叩逃媽&毛孩們滴雞精推薦 ✨,"滴雞精(1), 推薦(1)"
2025滴雞精品牌推薦｜21款風味特色與價格全解析｜食藝文匯,50,佩吉的生活點滴滴雞精推薦 ✨,"滴雞精(1), 推薦(1)"
2025滴雞精品牌推薦｜21款風味特色與價格全解析｜食藝文匯,51,吃貨小姐姐の饗樂生活滴雞精推薦 ✨,"滴雞精(1), 推薦(1)"
2025滴雞精品牌推薦｜21款風味特色與價格全解析｜食藝文匯,52,函函的斜槓媽咪日常滴雞精推薦 ✨,"滴雞精(1), 推薦(1)"
2025滴雞精品牌推薦｜21款風味特色與價格全解析｜食藝文匯,64,常溫下是果凍狀（膠質）是璽氏工坊滴雞精的特色,滴雞精(1)
2025滴雞精品牌推薦｜21款風味特色與價格全解析｜食藝文匯,72,推薦給有時間加熱、平時就喜歡喝雞湯的人,推薦(1)
2025滴雞精品牌推薦｜21款風味特色與價格全解析｜食藝文匯,74,白蘭氏：健康事交給白蘭氏,健康(1)
2025滴雞精品牌推薦｜21款風味特色與價格全解析｜食藝文匯,75,世界老品牌，超越 185 年歷史，台灣人應該都喝過白蘭氏雞精,品牌(1)
2025滴雞精品牌推薦｜21款風味特色與價格全解析｜食藝文匯,76,因應台灣市場對滴雞精的需求，白蘭氏萃雞精就產生了,滴雞精(1)
2025滴雞精品牌推薦｜21款風味特色與價格全解析｜食藝文匯,77,白蘭氏萃雞精強調以水簾式電腦化進行無汙染的雞隻飼養，無使用生長激素，原型食物萃取營養，不添加人工物,營養(1)
2025滴雞精品牌推薦｜21款風味特色與價格全解析｜食藝文匯,94,桂格滴雞精,滴雞精(1)
2025滴雞精品牌推薦｜21款風味特色與價格全解析｜食藝文匯,97,桂格滴雞精宣稱從蛋開始把關，並以七不（不加防腐劑、香料、色素、生長激素等）、五堅持方式生產滴雞精,滴雞精(2)
2025滴雞精品牌推薦｜21款風味特色與價格全解析｜食藝文匯,98,品名：桂格滴雞精,滴雞精(1)
2025滴雞精品牌推薦｜21款風味特色與價格全解析｜食藝文匯,108,相對其他品牌稍鹹一點點，仍可接受,品牌(1)
2025滴雞精品牌推薦｜21款風味特色與價格全解析｜食藝文匯,114,強烈推薦隔水加熱，或是搭配入菜其他食材,推薦(1)
2025滴雞精品牌推薦｜21款風味特色與價格全解析｜食藝文匯,115,享食尚滴雞精,滴雞精(1)
2025滴雞精品牌推薦｜21款風味特色與價格全解析｜食藝文匯,116,「享食尚」品牌三大堅持：享受生活、吃得安心、健康,"品牌(1), 健康(1)"
2025滴雞精品牌推薦｜21款風味特色與價格全解析｜食藝文匯,117,享食尚的黑羽土雞，以丹麥生物養殖系統飼養，100 %純粹滴雞精，萃取出 0 脂肪、0 膽固醇、0 防腐劑,滴雞精(1)
2025滴雞精品牌推薦｜21款風味特色與價格全解析｜食藝文匯,118,享食尚滴雞精也是堅持食安標準的滴雞精，號稱是「有身分證的滴雞精」，每一包都有來歷,滴雞精(3)
2025滴雞精品牌推薦｜21款風味特色與價格全解析｜食藝文匯,119,品名：享食尚滴雞精,滴雞精(1)
2025滴雞精品牌推薦｜21款風味特色與價格全解析｜食藝文匯,130,喝後雞湯味能回甘，最好喝的品牌之一,品牌(1)
2025滴雞精品牌推薦｜21款風味特色與價格全解析｜食藝文匯,134,常溫喝偏向雞湯口感；隔水加熱後反倒更似雞精味道,口感(1)
2025滴雞精品牌推薦｜21款風味特色與價格全解析｜食藝文匯,136,純煉滴雞精,滴雞精(1)
2025滴雞精品牌推薦｜21款風味特色與價格全解析｜食藝文匯,138,台灣品牌 - 純煉滴雞精，在 2015 年推出自有品牌，純煉滴雞精的訴求包含：養殖全程不用藥、純植物飼料養雞、常溫包裝技術等特點,"滴雞精(2), 品牌(2)"
2025滴雞精品牌推薦｜21款風味特色與價格全解析｜食藝文匯,139,品名：純煉滴雞精,滴雞精(1)
2025滴雞精品牌推薦｜21款風味特色與價格全解析｜食藝文匯,157,老協珍品牌已有 80 年，以上等老母雞加上豬肉熬製成的雞精是其特點,品牌(1)
2025滴雞精品牌推薦｜21款風味特色與價格全解析｜食藝文匯,158,熬雞精是以天然複方慢工細熬，經 SGS 檢驗合格的雞精，因為有添加豬肉等食材，在營養方面較為全面性,營養(1)
2025滴雞精品牌推薦｜21款風味特色與價格全解析｜食藝文匯,171,可能有添加物（豬肉等），味道和其他品牌明顯不同,品牌(1)
2025滴雞精品牌推薦｜21款風味特色與價格全解析｜食藝文匯,176,常溫喝類似雞湯口感,口感(1)
2025滴雞精品牌推薦｜21款風味特色與價格全解析｜食藝文匯,178,推薦給喜好豬肉味道，並不排斥雞、豬肉味並存的人,推薦(1)
2025滴雞精品牌推薦｜21款風味特色與價格全解析｜食藝文匯,179,農純鄉滴雞精,滴雞精(1)
2025滴雞精品牌推薦｜21款風味特色與價格全解析｜食藝文匯,181,2015 年成立的農純鄉，也是台灣滴雞精的品牌之一,"滴雞精(1), 品牌(1)"
2025滴雞精品牌推薦｜21款風味特色與價格全解析｜食藝文匯,182,同樣是公開養雞場的滴雞精品牌，並以黑羽土公雞進行產製，滴煉淬取、過濾油脂等多道工法，不加一滴水，且通過國家級健康食品標章認證,"滴雞精(1), 品牌(1), 健康(1)"
2025滴雞精品牌推薦｜21款風味特色與價格全解析｜食藝文匯,183,品名：農純鄉滴雞精,滴雞精(1)
2025滴雞精品牌推薦｜21款風味特色與價格全解析｜食藝文匯,200,芳茲滴雞精,滴雞精(1)
2025滴雞精品牌推薦｜21款風味特色與價格全解析｜食藝文匯,202,芳茲成立於 2013 年，並以孕婦為主要經營族群，進行全方位食品打造的品牌，芳茲在滴雞精經營也是不餘遺力,"滴雞精(1), 品牌(1)"
2025滴雞精品牌推薦｜21款風味特色與價格全解析｜食藝文匯,203,芳茲滴雞精以紅羽土雞產製，具有人道飼養、低鈉、零膽固醇、零脂肪的特色，並通過多項 SGS 檢驗合格，採用蒸氣不回流技術，食材蒸氣分離，不加水來產製低雞精,滴雞精(1)
2025滴雞精品牌推薦｜21款風味特色與價格全解析｜食藝文匯,204,品名：日月養生滴雞精,"滴雞精(1), 養生(1)"
2025滴雞精品牌推薦｜21款風味特色與價格全解析｜食藝文匯,205,成分：滴雞精（紅羽土雞）,滴雞精(1)
2025滴雞精品牌推薦｜21款風味特色與價格全解析｜食藝文匯,215,與其他品牌比較偏鹹，無明顯腥味,品牌(1)
2025滴雞精品牌推薦｜21款風味特色與價格全解析｜食藝文匯,221,平時喜歡吃重鹹的朋友，對這款滴雞精的接受度應該會很高,滴雞精(1)
2025滴雞精品牌推薦｜21款風味特色與價格全解析｜食藝文匯,222,田原香滴雞精,滴雞精(1)
2025滴雞精品牌推薦｜21款風味特色與價格全解析｜食藝文匯,226,有別於其他品牌，田原香滴雞精有加入黑棗、紅棗、枸杞、黃耆等中藥材，口味也較獨特,"滴雞精(1), 品牌(1)"
2025滴雞精品牌推薦｜21款風味特色與價格全解析｜食藝文匯,228,品名：田原香滴雞精,滴雞精(1)
2025滴雞精品牌推薦｜21款風味特色與價格全解析｜食藝文匯,245,推薦給喜歡吃甕窯雞的朋友,推薦(1)
2025滴雞精品牌推薦｜21款風味特色與價格全解析｜食藝文匯,246,娘家滴雞精,滴雞精(1)
2025滴雞精品牌推薦｜21款風味特色與價格全解析｜食藝文匯,248,2012 年品牌成立，娘家以零脂肪、零膽固醇、零添加進行滴雞精的產製,"滴雞精(1), 品牌(1)"
2025滴雞精品牌推薦｜21款風味特色與價格全解析｜食藝文匯,249,娘家滴雞精以台灣黑羽土雞為雞種，搭配 AI 智能飼養，飼料有添加益生菌，提升雞隻保護力,滴雞精(1)
2025滴雞精品牌推薦｜21款風味特色與價格全解析｜食藝文匯,250,不使用冷凍雞，以高溫高壓萃滴 10 小時，不加一滴水、蒸氣不回流產製的滴雞精,滴雞精(1)
2025滴雞精品牌推薦｜21款風味特色與價格全解析｜食藝文匯,251,品名：娘家常溫滴雞精,滴雞精(1)
2025滴雞精品牌推薦｜21款風味特色與價格全解析｜食藝文匯,252,成分：台灣黑羽土雞滴雞精,滴雞精(1)
2025滴雞精品牌推薦｜21款風味特色與價格全解析｜食藝文匯,262,推薦品牌之一，老人小孩都愛,"推薦(1), 品牌(1)"
2025滴雞精品牌推薦｜21款風味特色與價格全解析｜食藝文匯,263,元榆牧場 滴雞精,滴雞精(1)
2025滴雞精品牌推薦｜21款風味特色與價格全解析｜食藝文匯,264,元榆牧場，源於健康,健康(1)
2025滴雞精品牌推薦｜21款風味特色與價格全解析｜食藝文匯,267,品名：元榆牧場原味滴雞精,滴雞精(1)
2025滴雞精品牌推薦｜21款風味特色與價格全解析｜食藝文匯,276,相較其他品牌，顏色較混濁，看不到碗底,品牌(1)
2025滴雞精品牌推薦｜21款風味特色與價格全解析｜食藝文匯,281,不管常溫或加熱喝都順口，是一款很像雞湯的滴雞精,滴雞精(1)
2025滴雞精品牌推薦｜21款風味特色與價格全解析｜食藝文匯,282,品嘗後一分鐘內口腔都還有濃濃的雞湯味，推薦給雞湯愛好者,推薦(1)
2025滴雞精品牌推薦｜21款風味特色與價格全解析｜食藝文匯,283,雲嶺鮮雞 赤羽滴雞精,滴雞精(1)
2025滴雞精品牌推薦｜21款風味特色與價格全解析｜食藝文匯,287,品名：雲嶺鮮雞 赤羽滴雞精,滴雞精(1)
2025滴雞精品牌推薦｜21款風味特色與價格全解析｜食藝文匯,302,正官庄燉雞精和其他滴雞精品牌最大的不同處，在於選用白露花老母雞、土雞兩種不同雞隻烹煮，搭配滴萃加燉煮的雙雞精萃製程工法，另外加入高麗蔘萃取物、香蒜粉中和雞腥味，追求清爽雞湯口感,"滴雞精(1), 品牌(1), 口感(1)"
2025滴雞精品牌推薦｜21款風味特色與價格全解析｜食藝文匯,313,常溫版本的味道和口感類似於白蘭氏雞精,口感(1)
2025滴雞精品牌推薦｜21款風味特色與價格全解析｜食藝文匯,314,雞的味道偏少，是清爽的口感,口感(1)
2025滴雞精品牌推薦｜21款風味特色與價格全解析｜食藝文匯,322,消費者最熟悉的大成商品可能是超商的雞胸肉，大成是台灣老字號的農畜食品品牌，創立超過 60 年，這款大成慢熬雞精和傳統雞精、滴雞精的製程與原料有些許不同，官網產品介紹有特別提到熬製時間超過 8 小時，並有 36 道品檢層層把關，讓你食用更放心,"滴雞精(1), 品牌(1)"
2025滴雞精品牌推薦｜21款風味特色與價格全解析｜食藝文匯,332,整體喝起來是比較清淡的雞湯味，適合喜歡滴雞精沒那麼強烈的人,滴雞精(1)
2025滴雞精品牌推薦｜21款風味特色與價格全解析｜食藝文匯,338,加熱版本有一絲絲酸味，和高山農場滴雞精口感類似,"滴雞精(1), 口感(1)"
2025滴雞精品牌推薦｜21款風味特色與價格全解析｜食藝文匯,339,金牌大師滴雞精,滴雞精(1)
2025滴雞精品牌推薦｜21款風味特色與價格全解析｜食藝文匯,341,有別於其他滴雞精品牌，金牌大師堅持選用台灣公土雞，自然成熟養殖、雞隻肉質結實，以傳統煉雞膠做法製作，在 8 ℃ 時呈現黃金色果凍狀，且沒有添加任何中藥材，適合男女老幼飲用,"滴雞精(1), 品牌(1)"
2025滴雞精品牌推薦｜21款風味特色與價格全解析｜食藝文匯,342,品名：金牌大師滴雞精,滴雞精(1)
2025滴雞精品牌推薦｜21款風味特色與價格全解析｜食藝文匯,350,常溫口感介於傳統雞精和滴雞精之間,"滴雞精(1), 口感(1)"
2025滴雞精品牌推薦｜21款風味特色與價格全解析｜食藝文匯,353,喝起來有比較獨特的味道，和其他滴雞精品牌相比味道較重,"滴雞精(1), 品牌(1)"
2025滴雞精品牌推薦｜21款風味特色與價格全解析｜食藝文匯,355,高山農場滴雞精,滴雞精(1)
2025滴雞精品牌推薦｜21款風味特色與價格全解析｜食藝文匯,357,高山農場的滴雞精系列除了這款古早雞滴雞精外，還有烏骨滴雞精、寵物雞精、土雞宅配等商品,滴雞精(3)
2025滴雞精品牌推薦｜21款風味特色與價格全解析｜食藝文匯,359,品名：高山農場-古早滴雞精,滴雞精(1)
2025滴雞精品牌推薦｜21款風味特色與價格全解析｜食藝文匯,369,有別於傳統雞精和雞湯味，常溫的高山農場滴雞精有其獨特的好味道,滴雞精(1)
2025滴雞精品牌推薦｜21款風味特色與價格全解析｜食藝文匯,374,加熱版本中規中矩，適合初次購買滴雞精者在冬天加熱飲用,滴雞精(1)
2025滴雞精品牌推薦｜21款風味特色與價格全解析｜食藝文匯,375,華陀扶元堂滴雞精,滴雞精(1)
2025滴雞精品牌推薦｜21款風味特色與價格全解析｜食藝文匯,377,華陀扶元堂是國峰製藥集團旗下的子公司，生產包含滴雞精在內的多元機能性食品,滴雞精(1)
2025滴雞精品牌推薦｜21款風味特色與價格全解析｜食藝文匯,379,品名：華陀古傳滴雞精,滴雞精(1)
2025滴雞精品牌推薦｜21款風味特色與價格全解析｜食藝文匯,393,余仁生滴雞精,滴雞精(1)
2025滴雞精品牌推薦｜21款風味特色與價格全解析｜食藝文匯,395,余仁生是新馬地區的保健養生食品品牌，創立已逾 140 年，營業據點橫跨亞洲、澳洲，除了滴雞精外，亦有頂級燕窩、日常食補等商品,"滴雞精(1), 品牌(1), 養生(1)"
2025滴雞精品牌推薦｜21款風味特色與價格全解析｜食藝文匯,396,余仁生滴雞精在滴製前 30 分鐘内才開始處理新鮮活雞，再以高壓溫火無蒸氣回流技術，滴製 8 小時萃取雞隻的完整精華，過程不添加任何水份,滴雞精(1)
2025滴雞精品牌推薦｜21款風味特色與價格全解析｜食藝文匯,397,品名：余仁生原味滴雞精,滴雞精(1)
2025滴雞精品牌推薦｜21款風味特色與價格全解析｜食藝文匯,398,成分：台灣土雞滴雞精,滴雞精(1)
2025滴雞精品牌推薦｜21款風味特色與價格全解析｜食藝文匯,407,常溫款的香味類似家裡煮的雞湯，喝起來會像是帶點水果甜味的滴雞精,滴雞精(1)
2025滴雞精品牌推薦｜21款風味特色與價格全解析｜食藝文匯,413,大野山雞滴雞精,滴雞精(1)
2025滴雞精品牌推薦｜21款風味特色與價格全解析｜食藝文匯,415,大野山雞來自高雄杉林區玉山山尾下，和食藝滴雞精一樣使用草本飼料飼養，雞隻在山坡地自然環境下放養，在所有滴雞精品牌中，大野山雞的總支鏈胺基酸、蛋白質、鈉含量都相對較高,"滴雞精(2), 品牌(1)"
2025滴雞精品牌推薦｜21款風味特色與價格全解析｜食藝文匯,416,品名：大野山雞原味滴雞精,滴雞精(1)
2025滴雞精品牌推薦｜21款風味特色與價格全解析｜食藝文匯,433,拉蓓的產品包括經典養生茶包、保健精華飲、罐裝茶飲，這款燉雞精主打由中醫師漢方調理，加上米其林雞湯配方，成分是本篇 21 款滴雞精中最多元的,"滴雞精(1), 養生(1)"
2025滴雞精品牌推薦｜21款風味特色與價格全解析｜食藝文匯,447,加熱後能品嘗到雞的香醇味道，和其他滴雞精品牌味道有所不同,"滴雞精(1), 品牌(1)"
2025滴雞精品牌推薦｜21款風味特色與價格全解析｜食藝文匯,451,加熱後順口很多，強烈推薦加熱後會更好喝,推薦(1)
2025滴雞精品牌推薦｜21款風味特色與價格全解析｜食藝文匯,453,我個人偏好香醇雞湯風味的滴雞精，尤其重視口感是否順口、無澀味、無腥味、無酸味，並且喝完嘴中回甘才是理想表現,"滴雞精(1), 口感(1)"
2025滴雞精品牌推薦｜21款風味特色與價格全解析｜食藝文匯,454,過去對傳統雞精的特殊氣味有所抗拒，因此特別在意滴雞精是否具有化學感或異味,滴雞精(1)
2025滴雞精品牌推薦｜21款風味特色與價格全解析｜食藝文匯,456,整體試喝下來，最推薦的兩款滴雞精為「食藝滴雞精」與「享食尚滴雞精」，皆具備以下優點：,"滴雞精(3), 推薦(1)"
2025滴雞精品牌推薦｜21款風味特色與價格全解析｜食藝文匯,457,💙 雞湯味香濃純正，帶有自然甘甜,純正(1)
2025滴雞精品牌推薦｜21款風味特色與價格全解析｜食藝文匯,460,另外，也推薦幾款風味表現亮眼的品牌，包括：,"推薦(1), 品牌(1)"
2025滴雞精品牌推薦｜21款風味特色與價格全解析｜食藝文匯,461,田原香滴雞精 ：具輕微煙燻香，適合喜好特殊風味者,滴雞精(1)
2025滴雞精品牌推薦｜21款風味特色與價格全解析｜食藝文匯,462,璽氏滴雞精、娘家滴雞精：湯底醇厚順口，在試喝者中也頗受好評,滴雞精(2)
2025滴雞精品牌推薦｜21款風味特色與價格全解析｜食藝文匯,463,在邀請長輩共同參與試喝的過程中，「享食尚滴雞精」獲得高度青睞，而若以整體香氣、口感與回甘度綜合評比，「食藝滴雞精」仍是最符合我們期待的滴雞精推薦首選,"滴雞精(3), 推薦(1), 口感(1)"
2025滴雞精品牌推薦｜21款風味特色與價格全解析｜食藝文匯,464,進一步試喝包含正官庄、大成、金牌大師、高山農場、華陀扶元堂、余仁生、大山野雞、拉蓓等八款滴雞精，在風味與營養表現方面亦有不錯表現,"滴雞精(1), 營養(1)"
2025滴雞精品牌推薦｜21款風味特色與價格全解析｜食藝文匯,465,華陀扶元堂滴雞精 ：湯底濃郁、餘味回甘，層次豐富，是此次試喝中令人印象最深刻者之一,滴雞精(1)
2025滴雞精品牌推薦｜21款風味特色與價格全解析｜食藝文匯,466,金牌大師滴雞精、高山農場滴雞精 ：細膩順口，鹹度與濃度取得良好平衡,滴雞精(2)
2025滴雞精品牌推薦｜21款風味特色與價格全解析｜食藝文匯,467,余仁生原味滴雞精、大山野雞滴雞精：前者甘甜溫潤，後者煙燻香濃，適合偏好不同風味的消費者,滴雞精(2)
2025滴雞精品牌推薦｜21款風味特色與價格全解析｜食藝文匯,470,作為長時間使用電腦、工作節奏快的上班族，日常飲食中我特別在意營養攝取與便利性,營養(1)
2025滴雞精品牌推薦｜21款風味特色與價格全解析｜食藝文匯,471,感謝食藝文匯的邀請，讓我參與此次滴雞精品牌試喝與評比，對我而言，滴雞精是否具備「高蛋白、低鈉、總支鏈胺基酸 BCAA 含量豐富」是評比重點，因這些營養素能幫助日常維持體力與補充所需,"滴雞精(2), 營養(1), 品牌(1)"
2025滴雞精品牌推薦｜21款風味特色與價格全解析｜食藝文匯,473,其中最推薦品牌為：,"推薦(1), 品牌(1)"
2025滴雞精品牌推薦｜21款風味特色與價格全解析｜食藝文匯,474,🩷 食藝滴雞精：營養含量佳，蛋白質高、鈉含量低、BCAA 表現突出，口感順口且鹹度適中，是我願意每日飲用的首選,"滴雞精(1), 營養(1), 口感(1)"
2025滴雞精品牌推薦｜21款風味特色與價格全解析｜食藝文匯,475,🩷 田原香滴雞精：煙燻風味獨特，層次豐富，適合喜愛濃郁香氣的人,滴雞精(1)
2025滴雞精品牌推薦｜21款風味特色與價格全解析｜食藝文匯,476,🩷 璽氏滴雞精：香氣自然，味道清爽不膩，也是在營養與口感之間取得平衡的好選擇,"滴雞精(1), 營養(1), 口感(1)"
2025滴雞精品牌推薦｜21款風味特色與價格全解析｜食藝文匯,477,再次受邀試喝市售八款滴雞精品牌：正官庄、大成、金牌大師、高山農場、華陀扶元堂、余仁生、大山野雞、拉蓓,"滴雞精(1), 品牌(1)"
2025滴雞精品牌推薦｜21款風味特色與價格全解析｜食藝文匯,479,大山野雞滴雞精 ：風味濃郁、滑順順口，適合冬季溫熱飲用,滴雞精(1)
2025滴雞精品牌推薦｜21款風味特色與價格全解析｜食藝文匯,480,華陀扶元堂滴雞精 ：香氣迷人，餘味回甘，但鹹度偏高,滴雞精(1)
2025滴雞精品牌推薦｜21款風味特色與價格全解析｜食藝文匯,481,余仁生滴雞精：風味溫潤，適合口味清淡者,滴雞精(1)
2025滴雞精品牌推薦｜21款風味特色與價格全解析｜食藝文匯,483,至今共試喝 21 款市售滴雞精品牌，若從「色澤、香氣與口感平衡」三個面向綜合評分，食藝滴雞精仍是我心目中的頂級之選：,"滴雞精(2), 品牌(1), 口感(1)"
2025滴雞精品牌推薦｜21款風味特色與價格全解析｜食藝文匯,486,口感：鮮味、鹹味、甜味三者兼具，滑順回甘,口感(1)
2025滴雞精品牌推薦｜21款風味特色與價格全解析｜食藝文匯,487,無論從營養角度或日常飲用便利性出發，食藝滴雞精都是目前最值得推薦的品牌之一,"滴雞精(1), 營養(1), 推薦(1), 品牌(1)"